0.011231741,2.31221E-06,-7.08E-07,0.628318531,-8.78175E-05,0.000198096,62.83185307,0.44
0.02304599,3.54387E-06,-7.69E-07,1.334029626,-4.32354E-05,0.000432924,62.83185307,0.44
0.036023623,3.46616E-06,7.77E-07,2.076340774,0.000149254,0.000590446,62.83185307,0.44
0.049115151,3.19361E-06,4.50469E-06,2.891749542,0.000414691,0.000579018,62.83185307,0.44
0.063040155,4.15847E-06,1.09264E-05,3.714314503,0.000589587,0.00037722,62.83185307,0.44
0.076857082,7.64109E-06,1.87112E-05,4.58924831,0.000560997,0.000102605,62.83185307,0.44
0.091036844,1.43764E-05,2.52874E-05,5.457391418,0.000332614,-5.00081E-05,62.83185307,0.44
0.105154342,2.2443E-05,2.9062E-05,6.348332109,6.47693E-05,2.73746E-05,62.83185307,0.44
0.119289665,2.88938E-05,2.96167E-05,7.235360667,-4.35172E-05,0.000285216,62.83185307,0.44
0.13363704,3.19282E-05,2.94406E-05,8.123509249,8.75665E-05,0.000533923,62.83185307,0.44
0.147790997,3.23004E-05,3.1374E-05,9.024981386,0.000364581,0.000591679,62.83185307,0.44
0.162626549,3.25438E-05,3.70442E-05,9.914300711,0.000579653,0.000413702,62.83185307,0.44
0.177119486,3.51851E-05,4.51684E-05,10.84644598,0.000576284,0.000131668,62.83185307,0.44
0.191842853,4.18711E-05,5.27321E-05,11.75706404,0.000349022,-2.9023E-05,62.83185307,0.44
0.206409027,5.04993E-05,5.73141E-05,12.68216046,8.00123E-05,5.59597E-05,62.83185307,0.44
0.220825704,5.76206E-05,5.82251E-05,13.59738019,-1.47173E-05,0.000324713,62.83185307,0.44
0.235551394,6.09741E-05,5.82668E-05,14.5032067,0.000138668,0.000566747,62.83185307,0.44
0.249961538,6.16691E-05,6.05524E-05,15.4284491,0.000424979,0.000600239,62.83185307,0.44
0.264920305,6.23825E-05,6.68617E-05,16.33386519,0.000620685,0.000398477,62.83185307,0.44
0.279567128,6.58643E-05,7.55651E-05,17.27375218,0.000580693,0.00012118,62.83185307,0.44
0.294173012,7.34065E-05,8.32876E-05,18.19403924,0.000333414,-3.24468E-06,62.83185307,0.44
0.308842994,8.24335E-05,8.74948E-05,19.11175398,8.31154E-05,0.000124151,62.83185307,0.44
0.32323713,8.96479E-05,8.85528E-05,20.03349616,3.01991E-05,0.000407348,62.83185307,0.44
0.33831256,9.28579E-05,8.92695E-05,20.93790636,0.000220226,0.000625773,62.83185307,0.44
0.353005169,9.39665E-05,9.24679E-05,21.88512358,0.000512584,0.000618426,62.83185307,0.44
0.367804511,9.55017E-05,9.99306E-05,22.80828743,0.000673544,0.000387116,62.83185307,0.44
0.382501472,0.000100461,0.000109388,23.73815751,0.000583535,0.000126714,62.83185307,0.44
0.396960906,0.000109116,0.000117287,24.66159482,0.000319127,5.20835E-05,62.83185307,0.44
0.411867014,0.000118502,0.000121274,25.57010785,9.88991E-05,0.000225845,62.83185307,0.44
0.426406872,0.000125994,0.000122858,26.50668627,9.78644E-05,0.000519243,62.83185307,0.44
0.441274763,0.00012927,0.000124673,27.42025246,0.000328253,0.000702342,62.83185307,0.44
0.45592533,0.000130744,0.000129643,28.3544296,0.000613479,0.000641611,62.83185307,0.44
0.470439852,0.000133561,0.000138536,29.27495189,0.000730249,0.00038872,62.83185307,0.44
0.485188478,0.000140208,0.000148596,30.18692616,0.000596749,0.000154907,62.83185307,0.44
0.49960919,0.000150042,0.00015683,31.11360969,0.000324968,0.000128889,62.83185307,0.44
0.514635255,0.00015993,0.000160993,32.01968977,0.000138896,0.000341043,62.83185307,0.44
0.529321738,0.000167776,0.000163318,32.96380527,0.000188404,0.000635776,62.83185307,0.44
0.543994401,0.000171455,0.000166498,33.88658417,0.000449733,0.000781358,62.83185307,0.44
0.5587091,0.000173748,0.000173369,34.8084948,0.000719264,0.000674967,62.83185307,0.44
0.573142445,0.000178075,0.000183765,35.73304658,0.000793124,0.000410222,62.83185307,0.44
0.588229134,0.000186459,0.00019462,36.63992042,0.000622924,0.000208565,62.83185307,0.44
0.602915975,0.000197792,0.000203786,37.58784503,0.000350309,0.000234458,62.83185307,0.44
0.617719953,0.000208683,0.000208638,38.51064651,0.000208396,0.000485515,62.83185307,0.44
0.632413631,0.000216553,0.00021187,39.44080787,0.00031822,0.000768115,62.83185307,0.44
0.646887549,0.000220923,0.00021686,40.3640389,0.000604224,0.00086655,62.83185307,0.44
0.661809836,0.000224646,0.000225862,41.27346197,0.000848102,0.000716915,62.83185307,0.44
0.676362001,0.000230969,0.000238017,42.21105688,0.000874701,0.000448004,62.83185307,0.44
0.691229943,0.000241528,0.000249984,43.1253964,0.000669503,0.00028897,62.83185307,0.44
0.705863505,0.000254563,0.000259448,44.05957677,0.000410233,0.00037536,62.83185307,0.44
0.720368163,0.000266405,0.000265137,44.97903055,0.000319558,0.000654881,62.83185307,0.44
0.735100972,0.000274679,0.000269913,45.89038513,0.00047964,0.000917012,62.83185307,0.44
0.749525064,0.000280392,0.00027714,46.81607479,0.000780184,0.000973599,62.83185307,0.44
0.764561144,0.000286113,0.000288502,47.72236721,0.000996901,0.000792281,62.83185307,0.44
0.779252642,0.000294933,0.000302795,48.66711198,0.000980731,0.000529402,62.83185307,0.44
0.79391843,0.000308017,0.000316346,49.59020606,0.000752317,0.000415212,62.83185307,0.44
0.808603076,0.00032294,0.000326642,50.51168467,0.000515779,0.000554162,62.83185307,0.44
0.82301607,0.000336332,0.000333917,51.4343482,0.000475373,0.000853355,62.83185307,0.44
0.838063339,0.000345852,0.000340902,52.33994329,0.000679352,0.001091638,62.83185307,0.44
0.852734505,0.000353719,0.000350875,53.28539109,0.00098994,0.001106428,62.83185307,0.44
0.867545347,0.000362071,0.000365192,54.20720765,0.001172782,0.000895873,62.83185307,0.44
0.882230964,0.000374127,0.000381879,55.1378003,0.001106237,0.000652624,62.83185307,0.44
0.896688579,0.000390127,0.00039726,56.06052484,0.000862547,0.000592785,62.83185307,0.44
0.911546535,0.000407082,0.000408916,56.96892361,0.000659025,0.000782045,62.83185307,0.44
0.92604868,0.000422616,0.000418598,57.90247646,0.000673631,0.001095348,62.83185307,0.44
0.940940476,0.000434076,0.000428575,58.81367311,0.000920814,0.0013032,62.83185307,0.44
0.955597198,0.000444239,0.000442146,59.74935227,0.001229442,0.001270334,62.83185307,0.44
0.970138639,0.00045583,0.000459866,60.67026125,0.001373715,0.001041653,62.83185307,0.44
0.984871243,0.000471466,0.000479096,61.58392698,0.001267616,0.000827144,62.83185307,0.44
0.999277315,0.000490785,0.000496956,62.50960376,0.001020042,0.000819111,62.83185307,0.44
1.014347498,0.000510348,0.000510878,63.41476395,0.000853581,0.001050674,62.83185307,0.44
1.029057518,0.000528768,0.000523733,64.36165146,0.000922524,0.001371664,62.83185307,0.44
1.043782776,0.000543073,0.000537447,65.28590929,0.00120697,0.001547205,62.83185307,0.44
1.058525579,0.000556286,0.000555196,66.21112458,0.001505009,0.001471109,62.83185307,0.44
1.072986842,0.000571856,0.000576932,67.13744218,0.001609588,0.001233947,62.83185307,0.44
1.088066221,0.000591663,0.000599373,68.04607015,0.001468997,0.001057238,62.83185307,0.44
1.102734738,0.000615334,0.00062099,68.99353544,0.001225522,0.001109489,62.83185307,0.44
1.117543268,0.000638678,0.000638372,69.91518558,0.001110545,0.001388066,62.83185307,0.44
1.132226999,0.00065959,0.000654662,70.84563292,0.00124777,0.001702185,62.83185307,0.44
1.146712826,0.000677299,0.000673,71.76823897,0.001563849,0.001834673,62.83185307,0.44
1.161632185,0.000694592,0.000695596,72.67841034,0.001841352,0.001719282,62.83185307,0.44
1.176181608,0.000715312,0.000722232,73.61582128,0.00190458,0.001484007,62.83185307,0.44
1.191044328,0.000740395,0.00074885,74.52998854,0.00173506,0.001356204,62.83185307,0.44
1.205650874,0.000768776,0.000773779,75.46384074,0.001510487,0.001474867,62.83185307,0.44
1.22014785,0.000796222,0.000795147,76.38159708,0.001452725,0.001788783,62.83185307,0.44
1.234849363,0.000820542,0.00081598,77.29246896,0.001646215,0.002089446,62.83185307,0.44
1.249266807,0.000843007,0.000839978,78.21619225,0.001984285,0.002188211,62.83185307,0.44
1.264323384,0.000865673,0.000868315,79.12206699,0.002242871,0.002048858,62.83185307,0.44
1.279022332,0.0008927,0.000900936,80.06809963,0.002272976,0.001827006,62.83185307,0.44
1.293692834,0.00092419,0.000933055,80.99166179,0.002088553,0.001751098,62.83185307,0.44
1.308342665,0.000958143,0.000962502,81.91343661,0.001893514,0.001929547,62.83185307,0.44
1.322736996,0.000991145,0.000989451,82.83391264,0.001893668,0.002272008,62.83185307,0.44
1.33770576,0.001020611,0.001016375,83.73833512,0.002139024,0.00255816,62.83185307,0.44
1.35232907,0.001049784,0.00104769,84.67885029,0.002497327,0.002626169,62.83185307,0.44
1.367129266,0.001079635,0.00108351,85.59765995,0.002733744,0.002468131,62.83185307,0.44
1.381777223,0.001114093,0.001122719,86.52758371,0.002724809,0.00227345,62.83185307,0.44
1.396208477,0.001153009,0.001161166,87.44794197,0.002535459,0.002258451,62.83185307,0.44
1.410941886,0.001193358,0.001196338,88.35468443,0.002380167,0.002493589,62.83185307,0.44
1.425349689,0.001233418,0.001230632,89.28041178,0.002441339,0.002860598,62.83185307,0.44
1.440288271,0.001269765,0.00126544,90.18568079,0.002736625,0.00313177,62.83185307,0.44
1.454971016,0.001306619,0.001305475,91.12429954,0.003107769,0.003170859,62.83185307,0.44
1.469568972,0.001345103,0.001350147,92.04684364,0.003323195,0.003007445,62.83185307,0.44
1.484279785,0.001388306,0.001397257,92.96406026,0.003288819,0.002849497,62.83185307,0.44
1.498657641,0.001436357,0.001444093,93.88836793,0.00310744,0.002895925,62.83185307,0.44
1.513704004,0.001485032,0.001487263,94.79175525,0.002998864,0.003184755,62.83185307,0.44
1.528377619,0.001534928,0.001531584,95.73714611,0.003126628,0.003576695,62.83185307,0.44
1.543169047,0.001580921,0.001576852,96.65911649,0.003475439,0.00383251,62.83185307,0.44
1.557936664,0.001627072,0.001627377,97.58848938,0.003852018,0.003840998,62.83185307,0.44
1.572431897,0.001676395,0.001682993,98.5163661,0.004042808,0.003682048,62.83185307,0.44
1.587443507,0.001730408,0.001739964,99.42712842,0.003986751,0.003575268,62.83185307,0.44
1.602021759,0.00179059,0.001798311,100.3703357,0.003824963,0.003699027,62.83185307,0.44
1.616836879,0.001850617,0.001852537,101.2863143,0.003782901,0.004052377,62.83185307,0.44
1.631468814,0.001910271,0.001907507,102.2171758,0.00399374,0.004456288,62.83185307,0.44
1.645987996,0.001967305,0.001965077,103.1365274,0.004392565,0.004687905,62.83185307,0.44
1.660873328,0.00202482,0.002027845,104.0487945,0.00476732,0.004673245,62.83185307,0.44
1.675391238,0.00208787,0.002096987,104.9840674,0.004937898,0.004533677,62.83185307,0.44
1.690252769,0.002155577,0.002166589,105.8962547,0.004872365,0.004491023,62.83185307,0.44
1.70477325,0.002229103,0.002237048,106.8300322,0.00474528,0.004696418,62.83185307,0.44
1.719264492,0.002302096,0.002304125,107.7423809,0.004776017,0.005105024,62.83185307,0.44
1.733833704,0.002373577,0.002372003,108.6528925,0.005059949,0.005517316,62.83185307,0.44
1.748212232,0.002444579,0.002444495,109.5683031,0.005501823,0.005739127,62.83185307,0.44
1.763364159,0.002516664,0.002522229,110.4717326,0.005882169,0.005723232,62.83185307,0.44
1.778096792,0.00259731,0.002608828,111.4237563,0.0060508,0.005619243,62.83185307,0.44
1.792788653,0.002682715,0.00269539,112.3494349,0.005995025,0.005648842,62.83185307,0.44
1.807294838,0.002772373,0.002780922,113.2725518,0.005917146,0.005935775,62.83185307,0.44
1.821613502,0.002861882,0.002864518,114.1840023,0.006027188,0.006398237,62.83185307,0.44
1.83631064,0.002949161,0.00294912,115.0836704,0.006385076,0.006822932,62.83185307,0.44
1.850767798,0.003038939,0.003041026,116.0071189,0.006875087,0.007045394,62.83185307,0.44
1.865568585,0.003130374,0.003138348,116.9154889,0.007266762,0.007040377,62.83185307,0.44
1.880107489,0.003229864,0.003242979,117.8454498,0.007429688,0.006983843,62.83185307,0.44
1.894437293,0.003334646,0.003347803,118.7589561,0.007397894,0.007090152,62.83185307,0.44
1.908772023,0.003442263,0.003450622,119.6593242,0.007377254,0.007448627,62.83185307,0.44
1.922884852,0.003550965,0.003553731,120.5600018,0.00755963,0.007960327,62.83185307,0.44
1.937601459,0.003657521,0.003658437,121.446737,0.00798061,0.00841121,62.83185307,0.44
1.952101622,0.003769842,0.003773375,122.3714087,0.00852114,0.008661126,62.83185307,0.44
1.966755179,0.003884647,0.003894239,123.2824808,0.008946239,0.008693118,62.83185307,0.44
1.981238226,0.004007549,0.004021898,124.203191,0.009137033,0.008694217,62.83185307,0.44
1.995403995,0.004136508,0.004150464,125.1131877,0.009150475,0.008873129,62.83185307,0.44
2.0096602,0.004267362,0.004276336,126.0032492,0.009192697,0.009300014,62.83185307,0.44
2.023674389,0.004400596,0.004404267,126.898993,0.009446963,0.009868722,62.83185307,0.44
2.038429,0.004531884,0.004534249,127.7795304,0.009934116,0.010363731,62.83185307,0.44
2.052998563,0.004672302,0.004677631,128.7065899,0.010536461,0.010661897,62.83185307,0.44
2.067593195,0.004816155,0.004827722,129.6220226,0.011013742,0.010749329,62.83185307,0.44
2.082071639,0.004968234,0.004984397,130.5390304,0.011253383,0.010819836,62.83185307,0.44
2.096132566,0.005127329,0.005142915,131.4487378,0.011328345,0.011079242,62.83185307,0.44
2.110322846,0.005287251,0.005297824,132.332212,0.011443966,0.011582528,62.83185307,0.44
2.124256619,0.005450924,0.005456499,133.2238135,0.011778904,0.012219947,62.83185307,0.44
2.139029831,0.005612917,0.005617661,134.0992983,0.012341999,0.012774586,62.83185307,0.44
2.153661174,0.005787966,0.005795998,135.0275266,0.013020146,0.013139182,62.83185307,0.44
2.168217945,0.005967752,0.005982214,135.946841,0.013567874,0.013300089,62.83185307,0.44
2.182692625,0.006155875,0.00617487,136.8614699,0.01387584,0.0134545,62.83185307,0.44
2.196653532,0.00635216,0.006370505,137.7709408,0.014029708,0.013806725,62.83185307,0.44
2.210746305,0.00654785,0.006561239,138.6481305,0.014231849,0.014397814,62.83185307,0.44
2.224578129,0.006748622,0.006757348,139.5336056,0.014658526,0.015117608,62.83185307,0.44
2.239303006,0.006948126,0.006956459,140.4026847,0.015309164,0.015749487,62.83185307,0.44
2.253944916,0.007165066,0.007177002,141.327876,0.016078861,0.016201284,62.83185307,0.44
2.268453952,0.007388598,0.007407136,142.2478543,0.016718977,0.01645652,62.83185307,0.44
2.282881948,0.007620791,0.007643892,143.1594839,0.017119566,0.016710638,62.83185307,0.44
2.296715289,0.007862188,0.007884672,144.0660217,0.017372345,0.017166896,62.83185307,0.44
2.310622581,0.008101252,0.008118917,144.9351961,0.017673689,0.017856266,62.83185307,0.44
2.324286128,0.008346008,0.008359363,145.8090171,0.018199324,0.018672149,62.83185307,0.44
2.33879261,0.008590295,0.008603587,146.667523,0.018946421,0.01940359,62.83185307,0.44
2.35329594,0.008855574,0.008872726,147.5789922,0.01982174,0.019967761,62.83185307,0.44
2.367711162,0.009130055,0.009153882,148.4902633,0.020581558,0.020341345,62.83185307,0.44
2.381973819,0.009414978,0.009443561,149.3959984,0.021109727,0.020708915,62.83185307,0.44
2.395615797,0.009708981,0.009737172,150.2921476,0.02148384,0.021269779,62.83185307,0.44
2.409161331,0.009999371,0.010023005,151.1492983,0.021891271,0.022059261,62.83185307,0.44
2.422536615,0.010293553,0.01031315,152.0003893,0.022508106,0.022979405,62.83185307,0.44
2.436507402,0.010589324,0.010608845,152.8407832,0.023348908,0.02383957,62.83185307,0.44
2.450606795,0.010905465,0.010928868,153.7185936,0.024333162,0.024546761,62.83185307,0.44
2.464929729,0.011234891,0.011264826,154.6044846,0.025244929,0.025068259,62.83185307,0.44
2.478922286,0.011582652,0.01161794,155.5044211,0.025958906,0.025563977,62.83185307,0.44
2.492399699,0.011936597,0.011972236,156.3835994,0.026486748,0.026214484,62.83185307,0.44
2.505473344,0.012288812,0.012320412,157.2304102,0.027006892,0.027094172,62.83185307,0.44
2.518579255,0.012638257,0.012665747,158.0518516,0.027693837,0.028119087,62.83185307,0.44
2.531875305,0.012995382,0.013021989,158.8753202,0.02861681,0.029147142,62.83185307,0.44
2.545592347,0.01336597,0.013395876,159.7107357,0.029705556,0.030039883,62.83185307,0.44
2.56022602,0.01375933,0.013795346,160.5726029,0.030810003,0.03076533,62.83185307,0.44
2.574318841,0.014192882,0.014235391,161.4920637,0.031804954,0.031448192,62.83185307,0.44
2.58810845,0.014628052,0.01467273,162.3775417,0.032560903,0.032213278,62.83185307,0.44
2.601108843,0.015068849,0.015110667,163.2439684,0.033252039,0.033212802,62.83185307,0.44
2.614436606,0.015495719,0.01553301,164.0608072,0.034043809,0.034375377,62.83185307,0.44
2.627602603,0.015942511,0.015977421,164.8982152,0.03509429,0.035628655,62.83185307,0.44
2.641624163,0.016394016,0.016431047,165.7254592,0.036334271,0.036763927,62.83185307,0.44
2.656140854,0.01688746,0.016929848,166.6064598,0.037696284,0.037777026,62.83185307,0.44
2.670204304,0.017414992,0.017464266,167.5185704,0.038968582,0.038687504,62.83185307,0.44
2.684265782,0.017946351,0.017999339,168.402203,0.039994995,0.039623499,62.83185307,0.44
2.697294237,0.018496264,0.018548062,169.2857118,0.040925888,0.040793567,62.83185307,0.44
2.710115346,0.019021499,0.019068869,170.1043137,0.04188428,0.042131286,62.83185307,0.44
2.722800118,0.019550193,0.019594784,170.9098877,0.043051549,0.043565594,62.83185307,0.44
2.736127733,0.020085158,0.020130975,171.7068955,0.044428078,0.044937783,62.83185307,0.44
2.749977597,0.020661235,0.020711664,172.5442942,0.045979066,0.046214926,62.83185307,0.44
2.763952405,0.02127763,0.021334669,173.4145069,0.047527452,0.047377424,62.83185307,0.44
2.777479621,0.021921068,0.021983397,174.2925699,0.048905241,0.048528797,62.83185307,0.44
2.790214963,0.022566477,0.022629191,175.14251,0.050089136,0.049812837,62.83185307,0.44
2.802254,0.023193225,0.023252211,175.9426951,0.051217002,0.051276421,62.83185307,0.44
2.8145875,0.023800395,0.023855911,176.6991301,0.052448951,0.052846979,62.83185307,0.44
2.82693236,0.024435778,0.024490535,177.4740668,0.053935443,0.054501235,62.83185307,0.44
2.840567811,0.025086867,0.025144743,178.2497172,0.055609194,0.056069324,62.83185307,0.44
2.85498322,0.025823735,0.025887201,179.1064579,0.057508216,0.057632767,62.83185307,0.44
2.86886364,0.026626167,0.026696679,180.0122048,0.059404866,0.059159992,62.83185307,0.44
2.882428455,0.027427376,0.027501945,180.8843372,0.061046101,0.060685486,62.83185307,0.44
2.894787483,0.028236817,0.028310407,181.7366397,0.062559952,0.062408953,62.83185307,0.44
2.906592977,0.028996799,0.029066406,182.5131803,0.064026455,0.06423879,62.83185307,0.44
2.918462921,0.02974008,0.029807418,183.2549414,0.065632379,0.066130524,62.83185307,0.44
2.930617731,0.030504159,0.030572579,184.000752,0.067465706,0.06803454,62.83185307,0.44
2.943933562,0.031305384,0.031378155,184.7644612,0.069490982,0.069875474,62.83185307,0.44
2.958177167,0.032205173,0.032284183,185.6011195,0.071721008,0.071741496,62.83185307,0.44
2.971697239,0.033195823,0.033281467,186.4960717,0.073974848,0.073665501,62.83185307,0.44
2.984377191,0.034170107,0.03425823,187.3455628,0.075951923,0.07560512,62.83185307,0.44
2.995936032,0.03511359,0.035199224,188.1422677,0.077766478,0.07767523,62.83185307,0.44
3.007094058,0.035997375,0.036079293,188.8685311,0.079539773,0.079797954,62.83185307,0.44
3.018404784,0.036869887,0.036950338,189.5696106,0.081454,0.081968166,62.83185307,0.44
3.030080609,0.037773667,0.03785579,190.2802844,0.083599541,0.084168316,62.83185307,0.44
3.043228618,0.038728339,0.038814965,191.0138982,0.085956807,0.086345791,62.83185307,0.44
3.057277419,0.039828644,0.039921351,191.8400119,0.088632298,0.088663604,62.83185307,0.44
3.070564515,0.041037896,0.041137046,192.7227241,0.091380612,0.091075551,62.83185307,0.44
3.082877628,0.042221545,0.042323094,193.557577,0.093834138,0.093471324,62.83185307,0.44
3.09400353,0.043353491,0.043452539,194.3312327,0.096072079,0.095941189,62.83185307,0.44
3.104571256,0.044404235,0.044499591,195.0302937,0.098206203,0.098412295,62.83185307,0.44
3.11543279,0.045424868,0.045518647,195.6942835,0.100423817,0.100895923,62.83185307,0.44
3.126538062,0.046495726,0.046590694,196.3767338,0.102904315,0.103476804,62.83185307,0.44
3.138873607,0.047615231,0.047714166,197.0744987,0.105603637,0.106055714,62.83185307,0.44
3.152885774,0.048886686,0.048991212,197.8495638,0.108668468,0.108807727,62.83185307,0.44
3.166211823,0.050366755,0.050477707,198.7299742,0.112087192,0.111849827,62.83185307,0.44
3.178595685,0.051822196,0.051936751,199.5672746,0.115209583,0.114813417,62.83185307,0.44
3.188817982,0.053067422,0.053179692,200.2594698,0.117733525,0.11747771,62.83185307,0.44
3.198458459,0.054251155,0.054359862,200.9017556,0.120137324,0.120166466,62.83185307,0.44
3.208037186,0.05539147,0.055497871,201.5074847,0.122545426,0.122865098,62.83185307,0.44
3.218051859,0.056546619,0.056652986,202.1093338,0.125111719,0.125631805,62.83185307,0.44
3.22853494,0.057777602,0.057886269,202.7385743,0.127968185,0.12853554,62.83185307,0.44
3.240370417,0.05909302,0.059206041,203.3972457,0.131098326,0.131522822,62.83185307,0.44
3.253714125,0.060609317,0.060727842,204.1408907,0.134694029,0.134805457,62.83185307,0.44
3.266432812,0.062359779,0.062484158,204.9793005,0.138703872,0.138447649,62.83185307,0.44
3.278125616,0.064081505,0.064208682,205.7784392,0.142425154,0.142003095,62.83185307,0.44
3.287775668,0.065534875,0.065659516,206.431391,0.145426326,0.145118312,62.83185307,0.44
3.296841391,0.066915836,0.067036849,207.0377216,0.14827185,0.148218598,62.83185307,0.44
3.305713772,0.068239991,0.068358438,207.6073378,0.151072498,0.151296776,62.83185307,0.44
3.314894934,0.069560317,0.069678198,208.1648059,0.153972436,0.154411015,62.83185307,0.44
3.324548189,0.070951273,0.071070649,208.7416754,0.157138192,0.157673805,62.83185307,0.44
3.335000721,0.072441494,0.072564231,209.3482073,0.160617647,0.161089793,62.83185307,0.44
3.347634425,0.074087291,0.074214617,210.0049592,0.164490391,0.164732424,62.83185307,0.44
3.360297531,0.076115302,0.076247742,210.7987583,0.169192819,0.16906697,62.83185307,0.44
3.37218978,0.078206052,0.078342381,211.5944046,0.173855645,0.173430106,62.83185307,0.44
3.381945651,0.079998849,0.080133959,212.2549052,0.177672125,0.177210241,62.83185307,0.44
3.390907036,0.081703052,0.081834512,212.8678847,0.181228909,0.180925138,62.83185307,0.44
3.399351799,0.083302655,0.083430308,213.4309451,0.184586956,0.184536208,62.83185307,0.44
3.407647885,0.084839209,0.08496447,213.9615452,0.187889016,0.188086988,62.83185307,0.44
3.416198873,0.086375597,0.08650034,214.4828037,0.191288131,0.191666343,62.83185307,0.44
3.425299603,0.087986422,0.088112409,215.0200781,0.194947229,0.195396469,62.83185307,0.44
3.435165426,0.089731047,0.089859723,215.5918938,0.19898461,0.199363963,62.83185307,0.44
3.446600378,0.091657914,0.091790167,216.2117818,0.203471517,0.203630002,62.83185307,0.44
3.458410799,0.093934263,0.094070206,216.930261,0.208720323,0.208531614,62.83185307,0.44
3.469520796,0.096344314,0.096482592,217.6723316,0.214126542,0.213616508,62.83185307,0.44
3.478790577,0.098429244,0.098565593,218.2954212,0.21863555,0.218025306,62.83185307,0.44
3.487312543,0.100422847,0.100554869,218.8778587,0.222861091,0.222334182,62.83185307,0.44
3.49527006,0.102294221,0.102421342,219.4133097,0.226818083,0.226491038,62.83185307,0.44
3.502933122,0.104074495,0.104197648,219.9132952,0.230630357,0.230533884,62.83185307,0.44
3.510585095,0.105818304,0.105939022,220.3947796,0.234440906,0.234542635,62.83185307,0.44
3.518515285,0.107587916,0.107707747,220.8755672,0.238391698,0.238618398,62.83185307,0.44
3.527025317,0.109451276,0.109571517,221.3738357,0.242628868,0.242878489,62.83185307,0.44
3.536352932,0.111483659,0.111605201,221.9085368,0.247307062,0.247455318,62.83185307,0.44
3.546512377,0.113750202,0.11387336,222.4946082,0.252541481,0.252455407,62.83185307,0.44
3.556926772,0.116266754,0.116391006,223.1329449,0.258305987,0.257887521,62.83185307,0.44
3.566848693,0.11890425,0.119027773,223.7873007,0.264227608,0.263493789,62.83185307,0.44
3.575903316,0.121478082,0.121597779,224.4107133,0.269860515,0.268961741,62.83185307,0.44
3.584110195,0.123882066,0.123995339,224.9796321,0.275022079,0.274144049,62.83185307,0.44
3.591678491,0.126106728,0.126212835,225.4952855,0.279772506,0.279041665,62.83185307,0.44
3.598859544,0.128196222,0.128295887,225.9708155,0.2842644,0.283728406,62.83185307,0.44
3.605891176,0.130211823,0.130306357,226.4220145,0.288657608,0.288304738,62.83185307,0.44
3.612990662,0.132216167,0.132306905,226.8638249,0.293097576,0.292877403,62.83185307,0.44
3.620361253,0.134270304,0.134358341,227.3098988,0.29771809,0.297553894,62.83185307,0.44
3.628186827,0.136434973,0.136521029,227.7730066,0.302646899,0.302442444,62.83185307,0.44
3.636580607,0.138768902,0.138853193,228.264702,0.307999702,0.307645983,62.83185307,0.44
3.645462848,0.141313484,0.141395575,228.7920987,0.313839628,0.313230149,62.83185307,0.44
3.654485301,0.144054493,0.144133148,229.3501864,0.320085888,0.319151385,62.83185307,0.44
3.663209011,0.146893668,0.146966795,229.9170838,0.326462916,0.32521745,62.83185307,0.44
3.671361013,0.149695792,0.149760847,230.4652107,0.332644743,0.331193761,62.83185307,0.44
3.678894195,0.152367499,0.152422482,230.9774161,0.338451191,0.336938053,62.83185307,0.44
3.685904875,0.15488288,0.154927042,231.4507399,0.343878087,0.342421623,62.83185307,0.44
3.69254409,0.157263783,0.157297472,231.8912339,0.349019864,0.347687701,62.83185307,0.44
3.698969173,0.159553731,0.159577862,232.3083881,0.354000779,0.352812039,62.83185307,0.44
3.705327097,0.161802121,0.161817733,232.7120879,0.358943657,0.357880509,62.83185307,0.44
3.711752718,0.164058074,0.16406607,233.1115681,0.36396211,0.362979746,62.83185307,0.44
3.718369873,0.16636932,0.166370316,233.5153018,0.369161462,0.368194734,62.83185307,0.44
3.725285927,0.168782275,0.168776497,233.9310699,0.374639703,0.373607909,62.83185307,0.44
3.732568949,0.171339905,0.171327085,234.3656184,0.380481396,0.37929388,62.83185307,0.44
3.740201026,0.174073091,0.174052371,234.8232241,0.386735479,0.385301902,62.83185307,0.44
3.748034776,0.176982288,0.176952173,235.3027617,0.393371734,0.391621366,62.83185307,0.44
3.755823312,0.180018508,0.179976948,235.7949707,0.400242063,0.398150828,62.83185307,0.44
3.763332292,0.183090524,0.183035216,236.2843388,0.407112627,0.404721046,62.83185307,0.44
3.770431554,0.18610521,0.186034129,236.756142,0.413772455,0.411173322,62.83185307,0.44
3.777104583,0.189004725,0.188916632,237.2022017,0.420116974,0.417418658,62.83185307,0.44
3.783409276,0.191774441,0.191669016,237.6214806,0.426149039,0.423441862,62.83185307,0.44
3.789436664,0.194430765,0.194308369,238.0176161,0.431936312,0.429277282,62.83185307,0.44
3.79528541,0.197006018,0.196867342,238.396328,0.437572031,0.434984189,62.83185307,0.44
3.801050519,0.199538248,0.199384022,238.7638156,0.443153326,0.440630959,62.83185307,0.44
3.806820032,0.2020663,0.201897099,239.126048,0.448772859,0.446287266,62.83185307,0.44
3.812674538,0.204628118,0.204444238,239.4885573,0.454516988,0.452021115,62.83185307,0.44
3.818685682,0.207260287,0.207061657,239.8564067,0.460465572,0.457897712,62.83185307,0.44
3.82491029,0.209997206,0.209783306,240.2340981,0.466689916,0.463977429,62.83185307,0.44
3.831376979,0.212868253,0.212638048,240.6252017,0.473245446,0.470309942,62.83185307,0.44
3.838065947,0.215891301,0.21564321,241.0315158,0.480155868,0.476921681,62.83185307,0.44
3.844893644,0.219062503,0.218794443,241.451796,0.487389828,0.483797146,62.83185307,0.44
3.851724015,0.222347429,0.222056996,241.8807928,0.494843948,0.490864877,62.83185307,0.44
3.858412109,0.225684087,0.225368868,242.3099577,0.502357516,0.498007497,62.83185307,0.44
3.864851909,0.229002056,0.228660013,242.730183,0.509764869,0.505099906,62.83185307,0.44
3.870997539,0.232245804,0.231875572,243.1348076,0.516950899,0.512049883,62.83185307,0.44
3.876855973,0.235387009,0.234987975,243.5209489,0.523873044,0.518815454,62.83185307,0.44
3.882467779,0.238423296,0.237995459,243.8890452,0.530549551,0.525399193,62.83185307,0.44
3.887889451,0.241370225,0.240913939,244.2416454,0.537035421,0.531833237,62.83185307,0.44
3.893182015,0.24425309,0.243768816,244.5822991,0.543401994,0.538165366,62.83185307,0.44
3.898405234,0.247101247,0.246589357,244.9148407,0.549724615,0.544449646,62.83185307,0.44
3.903615244,0.249945014,0.249405656,245.2430252,0.556076761,0.550741292,62.83185307,0.44
3.908863658,0.252814265,0.252247266,245.5703798,0.562527802,0.557094256,62.83185307,0.44
3.914196626,0.255737803,0.255142593,245.9001474,0.569142042,0.563560017,62.83185307,0.44
3.919652601,0.258742704,0.258118259,246.2352276,0.575977272,0.570186217,62.83185307,0.44
3.925257794,0.261852936,0.26119773,246.5780367,0.583081324,0.577013874,62.83185307,0.44
3.931018971,0.265086576,0.264398565,246.9302213,0.590485283,0.584072011,62.83185307,0.44
3.936915326,0.268451302,0.267727966,247.2922068,0.59819299,0.591369269,62.83185307,0.44
3.942894452,0.271938991,0.271177462,247.6626856,0.606169362,0.598884417,62.83185307,0.44
3.94887883,0.275522277,0.274719572,248.0383652,0.614334909,0.60656145,62.83185307,0.44
3.954783885,0.27915712,0.278310454,248.4143748,0.622575726,0.614316445,62.83185307,0.44
3.960539341,0.282792642,0.281899722,248.7854003,0.630770257,0.622057173,62.83185307,0.44
3.966102958,0.28638394,0.285443156,249.1470263,0.638820345,0.629706185,62.83185307,0.44
3.97146255,0.289901308,0.288911754,249.4965987,0.646670333,0.637215621,62.83185307,0.44
3.976629832,0.293332784,0.292294124,249.8333518,0.654308706,0.644569713,62.83185307,0.44
3.981631767,0.296681491,0.295593753,250.1580217,0.661758146,0.65177883,62.83185307,0.44
3.986503083,0.299960973,0.298824318,250.4723025,0.669062606,0.65887081,62.83185307,0.44
3.991281197,0.303190816,0.302005353,250.7783764,0.676276609,0.665883287,62.83185307,0.44
3.996003276,0.306393497,0.305159134,251.0785941,0.683458219,0.67285828,62.83185307,0.44
4.000704745,0.309592454,0.308308792,251.3752911,0.69066509,0.679838891,62.83185307,0.44
4.005418498,0.312811026,0.311477282,251.6706931,0.697952451,0.686867478,62.83185307,0.44
4.010174247,0.316071837,0.314686782,251.9668669,0.705371954,0.693984552,62.83185307,0.44
4.014997524,0.319396259,0.31795817,252.2656794,0.712970512,0.701227761,62.83185307,0.44
4.019907983,0.322803626,0.321310258,252.5687348,0.720788414,0.708630368,62.83185307,0.44
4.024916811,0.326309907,0.324758484,252.8772681,0.728856142,0.716218739,62.83185307,0.44
4.030023476,0.329925674,0.328312925,253.191982,0.737189593,0.724008558,62.83185307,0.44
4.035212777,0.333653445,0.331975703,253.5128433,0.745784149,0.732000064,62.83185307,0.44
4.040453962,0.337485068,0.335738443,253.8388967,0.754609327,0.740173638,62.83185307,0.44
4.045703738,0.341400432,0.339581061,254.16821,0.763607264,0.748488219,62.83185307,0.44
4.050913474,0.345368991,0.343473322,254.4980632,0.772698327,0.756885143,62.83185307,0.44
4.056038366,0.349354594,0.34737964,254.8254005,0.78179435,0.765297809,62.83185307,0.44
4.061045056,0.353322226,0.351265719,255.147407,0.790815361,0.773664151,62.83185307,0.44
4.065915256,0.357244094,0.3551045,255.4619866,0.799703251,0.781937087,62.83185307,0.44
4.070645297,0.361103035,0.358879442,255.7679903,0.808427977,0.790089686,62.83185307,0.44
4.07524315,0.364892891,0.362584826,256.0651875,0.816986323,0.798114922,62.83185307,0.44
4.079724687,0.3686168,0.366224008,256.3540792,0.825396191,0.806022024,62.83185307,0.44
4.084110333,0.372284668,0.369806913,256.6356625,0.833689707,0.813831702,62.83185307,0.44
4.088422574,0.375910738,0.373347638,256.9112207,0.841907185,0.821571759,62.83185307,0.44
4.092684316,0.379511693,0.376862585,257.1821668,0.850092694,0.82927373,62.83185307,0.44
4.096917885,0.383105336,0.380369182,257.44994,0.858291165,0.836970586,62.83185307,0.44
4.101144413,0.386709739,0.38388505,257.7159429,0.866546601,0.844695259,62.83185307,0.44
4.105383391,0.390342692,0.387427475,257.9815035,0.87490093,0.852479669,62.83185307,0.44
4.109652197,0.394021267,0.39101298,258.2478464,0.88339307,0.860353954,62.83185307,0.44
4.113965452,0.397761348,0.394656877,258.5160634,0.892057853,0.868345607,62.83185307,0.44
4.118334116,0.401576998,0.398372648,258.7870732,0.900924522,0.876478296,62.83185307,0.44
4.122764302,0.405479556,0.402171074,259.0615644,0.910014605,0.884770218,62.83185307,0.44
4.127255941,0.409476438,0.406059078,259.3399212,0.919339165,0.893231927,62.83185307,0.44
4.131801636,0.413569735,0.410038372,259.6221392,0.928895701,0.901863874,62.83185307,0.44
4.136386212,0.417754879,0.414104191,259.9077537,0.938665468,0.910654211,62.83185307,0.44
4.140987556,0.42201989,0.418244589,260.1958111,0.948612433,0.919577785,62.83185307,0.44
4.145578984,0.426345748,0.422440846,260.4849221,0.958685155,0.928597327,62.83185307,0.44
4.150132804,0.430708259,0.426669311,260.77341,0.968822208,0.937667321,62.83185307,0.44
4.154624153,0.435081185,0.430904471,261.0595349,0.978960361,0.94674,62.83185307,0.44
4.159034021,0.439439863,0.435122468,261.3417347,0.989043361,0.955771896,62.83185307,0.44
4.163350821,0.443764307,0.439304079,261.6188149,0.999028835,0.964729121,62.83185307,0.44
4.167570439,0.448041058,0.443436474,261.8900474,1.008891788,0.97359022,62.83185307,0.44
4.171695209,0.452263633,0.44751361,262.1551738,1.018624627,0.982346497,62.83185307,0.44
4.175732387,0.456431891,0.451535575,262.4143408,1.028234743,0.991000504,62.83185307,0.44
4.179692584,0.460550811,0.455507372,262.6680042,1.037740966,0.999563612,62.83185307,0.44
4.183588414,0.464629117,0.459437578,262.9168307,1.047169972,1.008053449,62.83185307,0.44
4.187433469,0.468678039,0.463337134,263.1616129,1.056553206,1.016491647,62.83185307,0.44
4.191241586,0.472710324,0.467218384,263.4032048,1.065924532,1.024902078,62.83185307,0.44
4.195026348,0.476739498,0.471094366,263.6424759,1.075318555,1.033309561,62.83185307,0.44
4.198800733,0.480779341,0.474978307,263.8802795,1.084769448,1.041738947,62.83185307,0.44
4.202576837,0.484843496,0.478883248,264.1174311,1.094310082,1.050214441,62.83185307,0.44
4.206365607,0.488945144,0.482821731,264.3546907,1.103971306,1.058759034,62.83185307,0.44
4.210176528,0.493096675,0.486805492,264.5927462,1.113781177,1.067393916,62.83185307,0.44
4.214017232,0.497309297,0.490845082,264.8321934,1.123764054,1.076137784,62.83185307,0.44
4.217893029,0.501592547,0.494949407,265.0735119,1.133939439,1.085005965,62.83185307,0.44
4.221806363,0.505953683,0.49912515,265.3170354,1.144320572,1.094009338,62.83185307,0.44
4.225756295,0.510396965,0.503376098,265.5629175,1.154912821,1.103153106,62.83185307,0.44
4.229738113,0.514922929,0.507702452,265.811099,1.16571211,1.112435561,62.83185307,0.44
4.233743249,0.51952776,0.512100258,266.061284,1.176703734,1.121847125,62.83185307,0.44
4.237759662,0.524202997,0.516561145,266.3129341,1.187862045,1.131370025,62.83185307,0.44
4.241772753,0.528935749,0.52107256,266.5652928,1.199151496,1.140978949,62.83185307,0.44
4.245766748,0.53370958,0.525618636,266.8174427,1.210529263,1.150642875,62.83185307,0.44
4.249726302,0.538505985,0.530181624,267.0683928,1.221949236,1.160327923,62.83185307,0.44
4.253638016,0.543306253,0.534743673,267.3171789,1.233366716,1.170000755,62.83185307,0.44
4.257491565,0.548093327,0.539288596,267.5629592,1.244742844,1.17963183,62.83185307,0.44
4.261280277,0.552853298,0.543803278,267.8050848,1.256047916,1.18919789,62.83185307,0.44
4.265001188,0.557576313,0.548278509,268.0431366,1.267263113,1.198683326,62.83185307,0.44
4.268654679,0.562256859,0.552709231,268.2769283,1.278380663,1.208080421,62.83185307,0.44
4.272243889,0.566893526,0.55709428,268.506484,1.289402806,1.217388719,62.83185307,0.44
4.275774044,0.571488448,0.561435836,268.7320007,1.300340083,1.226613868,62.83185307,0.44
4.279251824,0.576046595,0.565738736,268.9538069,1.311209382,1.23576627,62.83185307,0.44
4.282684818,0.580575066,0.57000979,269.1723222,1.322032086,1.244859769,62.83185307,0.44
4.2860811,0.585082452,0.574257177,269.3880236,1.332832483,1.253910509,62.83185307,0.44
4.289448894,0.589578315,0.578489943,269.6014183,1.343636489,1.262936009,62.83185307,0.44
4.292796332,0.594072774,0.582717609,269.813023,1.354470661,1.271954436,62.83185307,0.44
4.296131263,0.598576178,0.586949866,270.0233488,1.365361438,1.280984049,62.83185307,0.44
4.299461099,0.603098846,0.59119633,270.2328887,1.376334532,1.290042752,62.83185307,0.44
4.302792668,0.607650843,0.595466328,270.4421084,1.387414404,1.299147705,62.83185307,0.44
4.306132059,0.612241755,0.599768695,270.651437,1.39862374,1.308314943,62.83185307,0.44
4.309484459,0.616880452,0.604111549,270.8612572,1.409982892,1.317558973,62.83185307,0.44
4.312853952,0.62157482,0.608502048,271.0718947,1.421509225,1.326892299,62.83185307,0.44
4.316243308,0.626331437,0.61294609,271.2836062,1.433216379,1.336324887,62.83185307,0.44
4.319653762,0.631155221,0.617447989,271.4965657,1.445113425,1.345863553,62.83185307,0.44
4.323084813,0.636049035,0.622010122,271.7108508,1.457204001,1.355511336,62.83185307,0.44
4.326534088,0.641013324,0.626632593,271.9264301,1.469485511,1.365266901,62.83185307,0.44
4.329997312,0.646045801,0.63131297,272.1431545,1.481948539,1.375124102,62.83185307,0.44
4.33346843,0.651141297,0.636046148,272.3607553,1.494576667,1.385071817,62.83185307,0.44
4.336939911,0.656291812,0.640824429,272.578852,1.507346868,1.395094188,62.83185307,0.44
4.340403232,0.661486857,0.645637848,272.7969716,1.520230591,1.405171345,62.83185307,0.44
4.343849482,0.666714066,0.650474766,273.0145785,1.533195521,1.415280607,62.83185307,0.44
4.347270028,0.671960049,0.655322667,273.2311127,1.546207863,1.425398048,62.83185307,0.44
4.350657126,0.677211373,0.660169069,273.446032,1.559234836,1.435500234,62.83185307,0.44
4.35400441,0.682455516,0.665002411,273.6588496,1.572247028,1.445565856,62.83185307,0.44
4.357307194,0.687681687,0.669812791,273.8691657,1.585220281,1.45557706,62.83185307,0.44
4.360562592,0.692881395,0.674592482,274.0766858,1.598136897,1.465520319,62.83185307,0.44
4.363769459,0.698048744,0.679336181,274.2812284,1.610986132,1.4753868,62.83185307,0.44
4.366928223,0.703180469,0.684041024,274.4827218,1.623764041,1.485172303,62.83185307,0.44
4.370040638,0.708275775,0.688706421,274.6811929,1.636472854,1.494876864,62.83185307,0.44
4.37310951,0.713336044,0.693333767,274.8767516,1.649120076,1.504504158,62.83185307,0.44
4.376138441,0.718364472,0.697926103,275.0695746,1.661717472,1.514060821,62.83185307,0.44
4.379131584,0.723365709,0.702487771,275.2598879,1.674280068,1.523555779,62.83185307,0.44
4.382093446,0.728345508,0.707024085,275.4479526,1.68682524,1.532999627,62.83185307,0.44
4.385028719,0.733310422,0.711541054,275.6340519,1.699371938,1.5424041,62.83185307,0.44
4.387942151,0.738267547,0.716045141,275.8184805,1.711940029,1.551781624,62.83185307,0.44
4.390838435,0.743224302,0.720543062,276.0015369,1.724549765,1.561144955,62.83185307,0.44
4.393722122,0.748188256,0.725041625,276.1835157,1.737221339,1.570506875,62.83185307,0.44
4.396597546,0.753166963,0.729547586,276.3647032,1.749974506,1.579879931,62.83185307,0.44
4.399468746,0.758167828,0.734067523,276.5453713,1.762828238,1.589276203,62.83185307,0.44
4.402339403,0.763197966,0.738607709,276.7257742,1.775800385,1.59870708,62.83185307,0.44
4.405212757,0.768264059,0.743173993,276.9061429,1.788907331,1.608183026,62.83185307,0.44
4.408091534,0.773372208,0.747771658,277.086681,1.802163618,1.617713329,62.83185307,0.44
4.410977856,0.77852776,0.752405278,277.2675599,1.815581532,1.627305834,62.83185307,0.44
4.413873156,0.78373513,0.757078557,277.4489129,1.829170667,1.636966651,62.83185307,0.44
4.416778097,0.788997601,0.761794163,277.63083,1.842937455,1.646699848,62.83185307,0.44
4.419692496,0.794317137,0.76655356,277.8133528,1.856884712,1.656507155,62.83185307,0.44
4.42261528,0.799694192,0.771356851,277.9964699,1.871011239,1.666387703,62.83185307,0.44
4.425544471,0.805127569,0.776202666,278.1801138,1.885311517,1.676337828,62.83185307,0.44
4.428477222,0.810614333,0.781088093,278.3641603,1.899775588,1.686350991,62.83185307,0.44
4.43140991,0.81614981,0.786008691,278.5484305,1.914389165,1.696417848,62.83185307,0.44
4.434338281,0.821727693,0.790958602,278.7326967,1.929134029,1.706526504,62.83185307,0.44
4.437257654,0.827340269,0.795930761,278.9166917,1.943988723,1.716662954,62.83185307,0.44
4.440163159,0.832978751,0.800917207,279.1001213,1.958929532,1.72681171,62.83185307,0.44
4.443049993,0.83863371,0.805909466,279.2826796,1.973931666,1.736956549,62.83185307,0.44
4.445913659,0.844295548,0.810898982,279.4640647,1.988970539,1.747081325,62.83185307,0.44
4.448750182,0.849954985,0.815877538,279.6439942,2.004023026,1.757170766,62.83185307,0.44
4.451556261,0.855603496,0.820837644,279.8222181,2.019068564,1.767211164,62.83185307,0.44
4.454329378,0.861233666,0.825772836,279.9985293,2.034090006,1.777190917,62.83185307,0.44
4.457067826,0.866839449,0.830677895,280.1727693,2.049074181,1.787100878,62.83185307,0.44
4.459770702,0.872416297,0.835548949,280.3448311,2.064012141,1.796934513,62.83185307,0.44
4.462437848,0.877961202,0.840383492,280.5146578,2.078899143,1.806687885,62.83185307,0.44
4.465069771,0.883472638,0.845180327,280.6822396,2.093734402,1.816359508,62.83185307,0.44
4.46766754,0.888950449,0.849939446,280.8476082,2.108520708,1.825950096,62.83185307,0.44
4.470232688,0.894395689,0.854661894,281.0108308,2.123263939,1.835462271,62.83185307,0.44
4.47276711,0.89981045,0.859349601,281.1720038,2.137972557,1.84490024,62.83185307,0.44
4.475272972,0.905197686,0.864005221,281.3312462,2.152657102,1.854269488,62.83185307,0.44
4.477752633,0.910561042,0.868631988,281.4886942,2.167329728,1.863576485,62.83185307,0.44
4.480208573,0.915904704,0.873233567,281.6444959,2.182003779,1.872828426,62.83185307,0.44
4.482643334,0.921233255,0.877813945,281.7988071,2.196693424,1.882033009,62.83185307,0.44
4.485059475,0.926551563,0.882377314,281.9517877,2.211413339,1.891198236,62.83185307,0.44
4.487459525,0.931864672,0.88692799,282.1035983,2.226178435,1.900332251,62.83185307,0.44
4.489845953,0.937177716,0.891470326,282.2543979,2.24100362,1.909443193,62.83185307,0.44
4.492221129,0.94249583,0.89600865,282.4043416,2.255903584,1.91853907,62.83185307,0.44
4.494587301,0.947824082,0.900547192,282.5535783,2.270892607,1.927627645,62.83185307,0.44
4.496946565,0.953167396,0.905090032,282.7022493,2.285984362,1.936716323,62.83185307,0.44
4.499300833,0.958530481,0.909641033,282.8504862,2.301191735,1.945812041,62.83185307,0.44
4.501651813,0.963917759,0.914203784,282.9984092,2.316526623,1.954921164,62.83185307,0.44
4.50400097,0.969333284,0.918781534,283.1461256,2.331999731,1.964049363,62.83185307,0.44
4.506349505,0.974780666,0.923377129,283.2937275,2.347620359,1.973201502,62.83185307,0.44
4.508698322,0.980262979,0.927992945,283.4412903,2.363396171,1.982381514,62.83185307,0.44
4.511048,0.98578268,0.932630812,283.5888709,2.379332974,1.991592276,62.83185307,0.44
4.513398769,0.991341521,0.937291954,283.7365055,2.395434486,2.000835496,62.83185307,0.44
4.515750493,0.99694046,0.941976924,283.8842086,2.411702129,2.010111601,62.83185307,0.44
4.518102656,1.002579599,0.946685545,284.0319718,2.428134855,2.019419649,62.83185307,0.44
4.520454363,1.008258118,0.951416879,284.1797626,2.44472902,2.028757275,62.83185307,0.44
4.522804353,1.013974251,0.956169204,284.3275247,2.461478327,2.03812067,62.83185307,0.44
4.525151023,1.019725276,0.96094002,284.4751789,2.478373866,2.047504611,62.83185307,0.44
4.527492475,1.025507557,0.96572609,284.6226246,2.495404252,2.056902555,62.83185307,0.44
4.529826567,1.031316613,0.970523508,284.7697423,2.512555884,2.066306781,62.83185307,0.44
4.532150987,1.037147235,0.975327802,284.9163976,2.529813305,2.075708602,62.83185307,0.44
4.534463329,1.042993634,0.980134065,285.0624453,2.547159673,2.085098623,62.83185307,0.44
4.536761175,1.048849626,0.984937109,285.207734,2.564577306,2.094467038,62.83185307,0.44
4.539042179,1.05470883,0.989731633,285.3521119,2.582048264,2.103803943,62.83185307,0.44
4.541304139,1.060564872,0.994512392,285.4954316,2.599554947,2.113099656,62.83185307,0.44
4.543545062,1.066411588,0.99927436,285.6375547,2.617080656,2.12234501,62.83185307,0.44
4.545763217,1.072243199,1.004012872,285.7783561,2.634610088,2.131531606,62.83185307,0.44
4.547957167,1.078054466,1.008723742,285.9177269,2.652129739,2.140652023,62.83185307,0.44
4.550125788,1.083840798,1.01340335,286.0555768,2.669628197,2.149699956,62.83185307,0.44
4.552268276,1.089598337,1.018048698,286.1918353,2.687096325,2.158670307,62.83185307,0.44
4.554384134,1.09532399,1.022657433,286.3264518,2.704527332,2.167559205,62.83185307,0.44
4.556473158,1.101015437,1.027227843,286.4593951,2.721916748,2.176363988,62.83185307,0.44
4.55853541,1.106671114,1.031758835,286.5906523,2.739262332,2.18508314,62.83185307,0.44
4.560571187,1.112290161,1.036249892,286.7202274,2.756563905,2.193716199,62.83185307,0.44
4.562580991,1.117872371,1.040701016,286.8481391,2.773823161,2.202263649,62.83185307,0.44
4.564565497,1.123418121,1.045112674,286.9744188,2.791043447,2.210726802,62.83185307,0.44
4.566525519,1.128928298,1.049485732,287.099109,2.808229539,2.219107672,62.83185307,0.44
4.568461986,1.134404229,1.053821398,287.2222608,2.825387419,2.227408866,62.83185307,0.44
4.570375911,1.139847613,1.058121158,287.3439326,2.842524071,2.235633468,62.83185307,0.44
4.572268372,1.145260456,1.062386725,287.4641881,2.859647283,2.24378494,62.83185307,0.44
4.574140491,1.150645013,1.066619994,287.5830949,2.876765473,2.251867031,62.83185307,0.44
4.575993413,1.156003732,1.070822992,287.7007236,2.893887533,2.259883699,62.83185307,0.44
4.577828295,1.16133921,1.074997842,287.8171461,2.911022693,2.267839042,62.83185307,0.44
4.57964629,1.166654148,1.07914673,287.9324351,2.928180394,2.275737235,62.83185307,0.44
4.581448541,1.171951319,1.083271878,288.0466632,2.945370187,2.283582477,62.83185307,0.44
4.583236163,1.177233529,1.08737551,288.1599019,2.962601631,2.29137895,62.83185307,0.44
4.585010241,1.182503591,1.091459839,288.2722215,2.979884212,2.299130773,62.83185307,0.44
4.586771822,1.187764297,1.095527037,288.3836902,2.997227259,2.306841967,62.83185307,0.44
4.588521905,1.193018391,1.099579222,288.4943736,3.014639873,2.314516425,62.83185307,0.44
4.590261437,1.198268548,1.103618436,288.6043345,3.032130855,2.322157876,62.83185307,0.44
4.591991304,1.203517348,1.107646632,288.7136325,3.049708633,2.32976986,62.83185307,0.44
4.593712328,1.208767255,1.111665655,288.8223232,3.067381196,2.337355696,62.83185307,0.44
4.595425263,1.214020593,1.115677222,288.9304584,3.085156017,2.344918457,62.83185307,0.44
4.597130781,1.219279522,1.119682915,289.0380852,3.103039988,2.352460938,62.83185307,0.44
4.598829475,1.224546018,1.123684153,289.1452461,3.121039338,2.359985631,62.83185307,0.44
4.60052185,1.229821842,1.127682188,289.2519782,3.139159558,2.3674947,62.83185307,0.44
4.602208318,1.235108525,1.131678076,289.3583133,3.157405328,2.374989947,62.83185307,0.44
4.603889191,1.240407338,1.135672673,289.4642772,3.175780437,2.382472792,62.83185307,0.44
4.605564681,1.24571927,1.139666612,289.5698895,3.194287706,2.389944246,62.83185307,0.44
4.607234895,1.251045009,1.143660294,289.6751637,3.212928926,2.397404889,62.83185307,0.44
4.608899831,1.25638492,1.147653876,289.7801063,3.231704785,2.404854856,62.83185307,0.44
4.610559381,1.261739029,1.151647258,289.8847174,3.250614825,2.412293819,62.83185307,0.44
4.612213328,1.267107011,1.155640082,289.98899,3.269657397,2.419720983,62.83185307,0.44
4.61386135,1.272488181,1.159631726,290.0929105,3.288829641,2.427135085,62.83185307,0.44
4.615503024,1.277881493,1.163621309,290.1964587,3.308127485,2.434534401,62.83185307,0.44
4.617137836,1.283285548,1.167607698,290.2996082,3.32754567,2.441916769,62.83185307,0.44
4.618765185,1.288698598,1.171589519,290.4023265,3.347077793,2.449279607,62.83185307,0.44
4.620384398,1.294118578,1.175565175,290.5045758,3.366716384,2.456619958,62.83185307,0.44
4.621994738,1.299543121,1.179532874,290.606314,3.386453008,2.463934533,62.83185307,0.44
4.623595424,1.304969604,1.183490652,290.7074946,3.40627839,2.471219765,62.83185307,0.44
4.625185642,1.310395182,1.187436408,290.8080687,3.426182563,2.478471874,62.83185307,0.44
4.626764563,1.31581684,1.191367943,290.907985,3.446155038,2.48568693,62.83185307,0.44
4.628331358,1.32123144,1.195282996,291.0071916,3.466184981,2.492860928,62.83185307,0.44
4.629885214,1.326635779,1.19917928,291.1056362,3.4862614,2.499989857,62.83185307,0.44
4.631425349,1.332026638,1.203054531,291.2032679,3.506373334,2.50706977,62.83185307,0.44
4.632951023,1.337400836,1.206906533,291.3000374,3.526510029,2.51409685,62.83185307,0.44
4.634461551,1.342755279,1.210733162,291.3958983,3.546661109,2.521067469,62.83185307,0.44
4.635956312,1.348087003,1.21453241,291.4908076,3.566816727,2.52797824,62.83185307,0.44
4.637434758,1.353393212,1.218302413,291.5847262,3.586967688,2.534826056,62.83185307,0.44
4.638896411,1.358671309,1.222041469,291.6776197,3.607105558,2.541608127,62.83185307,0.44
4.640340876,1.363918921,1.225748056,291.7694581,3.62722274,2.548322,62.83185307,0.44
4.641767832,1.369133916,1.229420839,291.8602164,3.647312528,2.554965571,62.83185307,0.44
4.643177039,1.374314411,1.233058672,291.9498748,3.667369136,2.561537092,62.83185307,0.44
4.644568328,1.379458778,1.236660603,292.0384178,3.687387703,2.568035163,62.83185307,0.44
4.645941603,1.384565639,1.240225866,292.1258351,3.707364281,2.574458724,62.83185307,0.44
4.647296832,1.389633864,1.243753875,292.2121205,3.727295805,2.580807035,62.83185307,0.44
4.648634044,1.394662556,1.247244214,292.2972721,3.747180053,2.587079663,62.83185307,0.44
4.649953323,1.399651042,1.250696625,292.3812916,3.767015591,2.593276451,62.83185307,0.44
4.651254801,1.404598854,1.254110997,292.4641843,3.786801717,2.599397496,62.83185307,0.44
4.652538654,1.409505715,1.25748735,292.5459586,3.806538396,2.605443125,62.83185307,0.44
4.653805095,1.414371518,1.260825822,292.6266255,3.826226197,2.611413865,62.83185307,0.44
4.655054367,1.419196314,1.264126657,292.7061983,3.845866226,2.617310422,62.83185307,0.44
4.656286743,1.42398029,1.26739019,292.7846924,3.865460063,2.623133654,62.83185307,0.44
4.657502516,1.428723757,1.270616835,292.8621249,3.885009705,2.628884549,62.83185307,0.44
4.658701996,1.43342713,1.273807074,292.9385141,3.904517505,2.634564205,62.83185307,0.44
4.659885509,1.438090914,1.276961446,293.0138797,3.92398612,2.640173807,62.83185307,0.44
4.661053391,1.442715694,1.280080536,293.088242,3.943418461,2.645714616,62.83185307,0.44
4.662205985,1.447302121,1.283164968,293.1616222,3.962817654,2.651187946,62.83185307,0.44
4.663343638,1.451850897,1.286215396,293.2340418,3.982186989,2.656595156,62.83185307,0.44
4.6644667,1.456362772,1.289232498,293.3055226,4.001529896,2.661937633,62.83185307,0.44
4.665575523,1.460838528,1.292216965,293.3760867,4.020849904,2.667216786,62.83185307,0.44
4.666670456,1.465278977,1.295169504,293.4457561,4.040150615,2.672434033,62.83185307,0.44
4.667751845,1.469684949,1.298090826,293.5145528,4.059435681,2.677590792,62.83185307,0.44
4.668820033,1.474057287,1.300981643,293.5824985,4.078708778,2.682688479,62.83185307,0.44
4.669875357,1.478396844,1.303842667,293.6496147,4.097973589,2.687728497,62.83185307,0.44
4.670918148,1.482704477,1.306674606,293.7159226,4.117233788,2.692712235,62.83185307,0.44
4.671948731,1.486981039,1.30947816,293.7814432,4.136493019,2.697641057,62.83185307,0.44
4.672967423,1.491227381,1.312254018,293.8461966,4.15575489,2.702516309,62.83185307,0.44
4.673974533,1.495444344,1.315002859,293.9102029,4.175022958,2.707339304,62.83185307,0.44
4.674970362,1.49963276,1.317725349,293.9734815,4.194300719,2.712111329,62.83185307,0.44
4.675955202,1.503793447,1.320422137,294.0360513,4.213591598,2.716833638,62.83185307,0.44
4.676929337,1.507927206,1.323093859,294.0979306,4.232898944,2.721507451,62.83185307,0.44
4.677893041,1.512034823,1.32574113,294.1591373,4.25222602,2.726133953,62.83185307,0.44
4.678846579,1.516117063,1.328364551,294.2196886,4.271575997,2.730714292,62.83185307,0.44
4.679790207,1.520174671,1.330964703,294.2796012,4.29095195,2.735249582,62.83185307,0.44
4.680724171,1.524208368,1.333542146,294.338891,4.31035685,2.739740894,62.83185307,0.44
4.681648709,1.528218855,1.336097422,294.3975738,4.329793563,2.744189264,62.83185307,0.44
4.682564047,1.532206805,1.338631052,294.4556641,4.349264839,2.748595688,62.83185307,0.44
4.683470403,1.536172868,1.341143538,294.5131765,4.368773314,2.752961122,62.83185307,0.44
4.684367987,1.540117667,1.343635358,294.5701246,4.388321502,2.757286483,62.83185307,0.44
4.685256997,1.544041797,1.346106972,294.6265214,4.407911793,2.761572648,62.83185307,0.44
4.686137623,1.547945827,1.348558816,294.6823796,4.427546448,2.765820454,62.83185307,0.44
4.687010046,1.551830294,1.350991306,294.737711,4.447227596,2.770030697,62.83185307,0.44
4.687874436,1.55569571,1.353404837,294.7925269,4.466957228,2.774204135,62.83185307,0.44
4.688730955,1.559542553,1.35579978,294.8468381,4.486737199,2.778341486,62.83185307,0.44
4.689579757,1.563371275,1.358176486,294.9006548,4.506569219,2.782443426,62.83185307,0.44
